-- phpMyAdmin SQL Dump
-- version 4.9.4
-- https://www.phpmyadmin.net/
--
-- Host: localhost
-- Generation Time: Dec 07, 2020 at 01:37 PM
-- Server version: 10.3.23-MariaDB-0+deb10u1-log
-- PHP Version: 7.4.11

SET SQL_MODE = "NO_AUTO_VALUE_ON_ZERO";
SET AUTOCOMMIT = 0;
START TRANSACTION;
SET time_zone = "+00:00";


/*!40101 SET @OLD_CHARACTER_SET_CLIENT=@@CHARACTER_SET_CLIENT */;
/*!40101 SET @OLD_CHARACTER_SET_RESULTS=@@CHARACTER_SET_RESULTS */;
/*!40101 SET @OLD_COLLATION_CONNECTION=@@COLLATION_CONNECTION */;
/*!40101 SET NAMES utf8mb4 */;

--
-- Database: `62_npet`
--
CREATE DATABASE IF NOT EXISTS `62_npet` DEFAULT CHARACTER SET latin1 COLLATE latin1_swedish_ci;
USE `62_npet`;

-- --------------------------------------------------------

--
-- Table structure for table `bander`
--

DROP TABLE IF EXISTS `bander`;
CREATE TABLE `bander` (
  `id` int(11) NOT NULL,
  `navn` text NOT NULL,
  `yt_id` int(11) NOT NULL
) ENGINE=InnoDB DEFAULT CHARSET=latin1;

--
-- Dumping data for table `bander`
--

INSERT INTO `bander` (`id`, `navn`, `yt_id`) VALUES
(0, 'Everybody', 0),
(1, 'Caliban Expedition', 20309),
(2, 'Clenched Fist of the God Emperor', 20298),
(3, 'Coffin Nails', 20713),
(4, 'Last Chancers', 21143),
(5, 'Nasty Underhive Offenders', 21713),
(6, 'New Underhive Order', 0),
(7, 'Society for Cutting Up Men', 20559),
(8, 'Techno Vipers', 20168),
(9, 'Thane\'s Black Rebels', 20018),
(10, 'The Anabasics', 20279),
(11, 'The Angel Gang', 20135),
(12, 'The Cadaver Synod', 21301),
(13, 'Everybody', 0),
(14, 'Rebellion', 21723),
(15, 'Cadaver Synod', 25536);

-- --------------------------------------------------------

--
-- Table structure for table `gangers`
--

DROP TABLE IF EXISTS `gangers`;
CREATE TABLE `gangers` (
  `id` int(11) NOT NULL,
  `medlem` text NOT NULL,
  `bande_id` int(11) NOT NULL
) ENGINE=InnoDB DEFAULT CHARSET=latin1;

--
-- Dumping data for table `gangers`
--

INSERT INTO `gangers` (`id`, `medlem`, `bande_id`) VALUES
(1, 'Deacon Victus', 2),
(2, 'The Penitent', 2),
(3, 'Chaplain Furiosa', 2),
(4, 'The Ground', 0),
(5, 'Plasma Candy', 7),
(6, '\"It\'s Personal\" Kim', 7),
(7, 'Crazy Talbot', 8),
(8, 'La Donita', 7),
(9, 'Glory Hole Hawkins', 8),
(10, 'Electric Cher', 7),
(11, 'Caetus Plasmic', 8),
(12, 'Jadek Durad', 8),
(13, 'Lawrence Taylor', 6),
(14, 'Raymond Berry', 6),
(15, 'Pink Eyes', 11),
(16, 'Joe Montana', 6),
(17, 'Kathie Wild', 9),
(18, 'Britches Wild', 9),
(19, 'Gogo', 9),
(20, 'Sgt. Hartmann', 6),
(21, 'Sgt. Slaughter', 6),
(22, 'Pvt. Lawrence', 6),
(23, 'Pvt. Davis', 6),
(24, 'Pvt. McKay', 6),
(25, 'Pvt. Doyle', 6),
(26, 'The Thing from the Sump', 0),
(27, 'Johnny Wild Sr.', 9),
(28, 'Faro', 11),
(29, 'Boxer', 9),
(30, 'Lester', 11),
(31, 'Hamburger', 11),
(32, 'Beebop', 9),
(33, 'Grampus', 11),
(34, 'Chorr', 11),
(35, 'Jimbo', 6),
(36, 'The Creep', 11),
(37, 'Junior Angel', 11),
(38, 'Pawk', 11),
(39, 'Leatherboy', 3),
(40, 'Y.A.M.', 7),
(41, 'Courtney Hate', 7),
(42, 'Abigail Virginkiller', 3),
(43, 'Tool', 1),
(44, 'Mean Angel', 11),
(45, 'Fink Angel', 11),
(46, 'Stew', 9),
(47, 'Eastman', 10),
(48, 'Sexual Blain', 10),
(49, 'Brother Levi', 2),
(50, 'Party Richter', 10),
(51, 'Dinky', 2),
(52, 'Socrates Abbott', 8),
(53, 'Dillon', 10),
(54, 'Tin-Tin', 10),
(55, 'Trash', 10),
(56, 'Cobretti', 10),
(57, 'Phil Python II', 8),
(58, 'Brother Sammael', 2),
(59, 'Brother Magnus', 2),
(60, 'Mildred Wild', 9),
(61, 'Brother Karrack', 2),
(62, 'Dextro', 9),
(63, 'Stinger', 9),
(64, 'Stabita', 7),
(65, 'Neophyte Ezekiel', 2),
(66, 'Reggie White', 6),
(67, 'Michael Irvin', 6),
(68, 'Sump Dew under Strip Light', 12),
(69, 'Pigeon', 9),
(70, 'Mr. Bell', 12),
(71, 'Hero', 4),
(72, 'Mr. Wall', 12),
(73, 'Mr. Book', 12),
(74, 'Mr. Sleep', 12),
(75, 'Warrior', 4),
(76, 'Brains', 4),
(77, 'Grease', 4),
(78, 'Methane Gas', 0),
(79, 'Mr. Rain', 12),
(80, 'Deacon Adriel', 2),
(81, 'Victus', 2),
(82, '\"Pig\" Bait', 11),
(83, 'Ellen Degenerate', 7),
(84, 'Fingers', 4),
(85, 'Schaeffer', 4),
(86, 'Mr. Candle', 12),
(87, 'Mean Joe Green', 5),
(88, 'Cousin Dorothy', 9),
(89, 'Gringo', 9),
(90, 'Bleeker', 9),
(91, 'Mr. Quick', 12),
(92, 'Shiv', 4),
(93, 'Barry Sanders', 5),
(94, 'Pollux \"Bollocks\" Troy', 8),
(95, 'Zeek', 8),
(96, 'Cas \"STD\" Cockburn', 8),
(97, 'Bennett', 10),
(98, 'T-Bird', 10),
(99, 'Link Angel', 11),
(100, 'New Bub', 6),
(101, 'Lt. Gold', 6),
(102, 'Fast Shark', 3),
(103, 'The Wall', 3),
(104, 'Ronnie Rainbow', 3),
(105, 'Madman Oswald', 3),
(106, 'Revulva', 7),
(107, 'Breaker', 1),
(108, 'Silly', 1),
(109, 'Ticker', 1),
(110, 'Brother Modesto', 2),
(111, 'Neophyte Levi', 2),
(112, 'Johnny Wild, Sr.', 9),
(113, 'Brother Grigori', 2),
(114, 'Lord Petrus', 10),
(115, 'Chino', 9),
(116, 'Racer', 9),
(117, 'Bad Gene Jenny', 7),
(118, 'Boddicker', 10),
(119, 'Jim Brown', 6),
(120, 'Jerry Rice', 6),
(121, 'Art Monk', 6),
(122, 'Mr. Hand', 12),
(123, 'Dead Juve', 4),
(124, 'Rooster Abbott', 8),
(125, 'Gabrielle Daark', 8),
(126, 'Ratfink Angel', 11),
(127, 'Tobi Flail', 7),
(128, 'Mr. Word', 12),
(129, 'Mr. Ship', 12),
(130, 'Chris Carter', 5),
(131, 'Griff', 10),
(132, 'Jason Assalon', 8),
(134, 'Neophyte Ramiel', 2),
(135, 'Brother Izrail II', 2),
(136, 'Severen', 10),
(137, 'Susan Guntag', 7),
(138, 'Bad Thing', 0),
(139, 'Ganz', 10),
(140, 'Spikes Harvey Rotten', 11),
(141, 'Scatter', 0),
(142, 'Plasma Leak', 0),
(143, 'Stray Shot', 0),
(144, 'Sumpie', 0),
(145, 'Misfire', 0),
(146, 'Cornwallis Gutengolz', 8),
(147, 'Warriv \"Angel\" Wordingson', 11),
(148, 'Massive Electrical Discharge', 0),
(149, 'Icepick', 8),
(150, 'Paradox', 14),
(151, 'Penta', 14),
(152, 'Acid Bath Reposing', 15),
(153, 'Bertrand Vandervelde', 15),
(154, 'Tazio Bazakbal', 15),
(155, 'Luke', 14),
(156, 'Murph', 14),
(157, 'Calixto Bandera', 15),
(158, 'Silas Flannery', 15),
(159, 'Watcher', 14),
(160, 'Ukko Ahti', 15),
(161, 'Krycek', 14),
(162, 'Silver', 14),
(163, 'Vorts Viljandi', 15),
(164, 'Anatoly Anatolin', 15),
(165, 'Ranzz', 14),
(166, 'Ermes Marana', 15);

-- --------------------------------------------------------

--
-- Table structure for table `kampe`
--

DROP TABLE IF EXISTS `kampe`;
CREATE TABLE `kampe` (
  `id` int(11) NOT NULL,
  `ang_id` int(2) NOT NULL,
  `ang_rating` int(4) NOT NULL,
  `for_id` int(2) NOT NULL,
  `for_rating` int(4) NOT NULL,
  `start` int(10) NOT NULL,
  `slut` int(10) NOT NULL,
  `scslag` int(2) NOT NULL,
  `scenario` text NOT NULL,
  `blind` text NOT NULL,
  `grudge` int(1) NOT NULL,
  `ang_start` int(2) NOT NULL,
  `ang_total` int(2) NOT NULL,
  `for_start` int(2) NOT NULL,
  `for_total` int(2) NOT NULL,
  `wounds` int(2) NOT NULL,
  `vinder_id` int(2) NOT NULL,
  `ture_hardcode` int(2) NOT NULL,
  `season` decimal(2,1) NOT NULL
) ENGINE=InnoDB DEFAULT CHARSET=latin1;

--
-- Dumping data for table `kampe`
--

INSERT INTO `kampe` (`id`, `ang_id`, `ang_rating`, `for_id`, `for_rating`, `start`, `slut`, `scslag`, `scenario`, `blind`, `grudge`, `ang_start`, `ang_total`, `for_start`, `for_total`, `wounds`, `vinder_id`, `ture_hardcode`, `season`) VALUES
(1, 5, 1454, 2, 1890, 1460484000, 1460484000, 8, 'Ambush', '0', 0, 10, 10, 11, 11, 3, 2, 0, '0.0'),
(2, 8, 1477, 7, 1678, 1461004200, 1461014100, 8, 'Scavengers', '0', 0, 9, 9, 7, 9, 11, 8, 0, '0.0'),
(3, 6, 1293, 11, 1930, 1461694440, 1461698220, 8, 'Shoot Out', '0', 0, 3, 3, 5, 5, 6, 6, 0, '0.0'),
(4, 9, 1749, 8, 1632, 1464717600, 1464723000, 4, 'Ambush', '0', 0, 13, 13, 9, 9, 5, 9, 0, '0.0'),
(5, 5, 1589, 10, 1390, 1464441420, 1464441420, 4, 'Ambush', '0', 0, 10, 10, 9, 9, 13, 5, 0, '0.0'),
(6, 11, 1485, 9, 1622, 1464452580, 1464468600, 6, 'Scavengers', '0', 0, 12, 12, 12, 12, 14, 9, 0, '0.0'),
(7, 11, 1447, 6, 1677, 1465322640, 1465329600, 8, 'The Hit', '0', 0, 9, 9, 6, 8, 14, 11, 0, '0.0'),
(8, 3, 1532, 7, 1578, 1465330200, 1465338600, 6, 'Gang Fight', '0', 0, 10, 10, 8, 8, 7, 3, 0, '0.0'),
(9, 1, 1311, 11, 1584, 1465926000, 1465932900, 8, 'Scavengers', '0', 0, 12, 12, 10, 10, 5, 11, 0, '0.0'),
(10, 2, 1268, 11, 1692, 1497471060, 1497471060, 10, 'Hit & Run', '0', 0, 6, 6, 5, 13, 8, 11, 0, '0.0'),
(11, 11, 1762, 9, 2119, 1466532000, 1466537400, 0, 'Rescue Mission', '0', 0, 6, 6, 1, 1, 7, 11, 0, '0.0'),
(12, 2, 1370, 10, 1493, 1467138960, 1467147600, 0, 'Gang Fight', '0', 0, 11, 11, 9, 9, 7, 10, 0, '0.0'),
(13, 10, 1600, 9, 1653, 1468886400, 1468886400, 7, 'Blind Fight', 'Scavengers', 0, 9, 9, 13, 13, 3, 9, 0, '0.0'),
(14, 10, 1393, 8, 1723, 1466538000, 1466543400, 8, 'The Hoard', '0', 0, 9, 9, 9, 9, 4, 8, 0, '0.0'),
(15, 10, 1472, 11, 1858, 1469561940, 1469561940, 9, 'Blind Fight', 'Ambush', 0, 9, 9, 13, 13, 13, 11, 0, '0.0'),
(16, 8, 1773, 11, 1971, 1470159360, 1470167580, 7, 'The Hoard', '0', 0, 9, 9, 4, 13, 6, 11, 0, '0.0'),
(17, 2, 1525, 9, 1816, 1470766200, 1470766200, 8, 'The Hunters', '0', 0, 8, 10, 13, 13, 14, 2, 0, '0.0'),
(18, 9, 1757, 7, 1536, 1471370400, 1471375260, 3, 'Ambush', '0', 0, 12, 12, 9, 9, 3, 9, 0, '0.0'),
(19, 7, 1604, 11, 2064, 1471376700, 1471386600, 6, 'Gang Fight', '0', 0, 9, 9, 13, 13, 9, 11, 0, '0.0'),
(20, 10, 1773, 2, 1820, 1471978800, 1471986000, 7, 'Blind Fight', 'Scavengers', 0, 10, 10, 11, 11, 9, 10, 0, '0.0'),
(21, 7, 1563, 6, 1379, 1472581800, 1472590800, 4, 'Gang Fight', '0', 0, 6, 8, 10, 10, 9, 7, 0, '0.0'),
(22, 12, 1271, 9, 1922, 1473185400, 1473185400, 12, 'Ambush', '0', 1, 9, 9, 13, 13, 8, 9, 0, '0.0'),
(23, 4, 980, 12, 1098, 1473790380, 1473790380, 7, 'The Caravan', '0', 0, 7, 7, 6, 6, 9, 12, 0, '0.0'),
(24, 4, 1066, 10, 1899, 1474398600, 1474403400, 10, 'The Hit', '0', 0, 6, 6, 10, 10, 5, 4, 0, '0.0'),
(25, 4, 1305, 8, 1604, 1476210600, 1476210600, 7, 'Package Run', '0', 0, 4, 4, 3, 3, 6, 8, 0, '0.0'),
(26, 12, 1337, 2, 1945, 1477419900, 1477419900, 7, 'The Raid', '0', 0, 5, 5, 3, 3, 6, 12, 0, '0.0'),
(27, 2, 2057, 8, 1652, 1478629800, 1478643000, 3, 'The Caravan', '0', 0, 9, 9, 7, 7, 22, 2, 0, '0.0'),
(28, 7, 1795, 11, 2159, 1479168000, 1479168000, 9, 'The Hunters', '0', 0, 5, 5, 11, 11, 17, 11, 0, '0.0'),
(29, 4, 1388, 12, 1505, 1479651300, 1479651300, 8, 'The Hit', '0', 0, 0, 0, 0, 0, 14, 12, 0, '0.0'),
(30, 5, 1263, 10, 1936, 1480443360, 1480454100, 5, 'Gang Fight', '0', 0, 10, 10, 11, 11, 6, 10, 0, '0.0'),
(31, 9, 2098, 5, 1490, 1481587200, 1481587200, 2, 'Blind Fight', 'Ambush', 1, 14, 14, 0, 0, 8, 9, 0, '0.0'),
(32, 12, 1112, 4, 1323, 1482090540, 1482098640, 6, 'Gang Fight', '0', 0, 7, 7, 7, 7, 9, 4, 0, '0.0'),
(33, 8, 2016, 10, 2176, 1485887940, 1485899400, 5, 'Gang Fight', '0', 0, 9, 9, 12, 12, 11, 10, 10, '3.0'),
(35, 7, 1960, 2, 2276, 1486490940, 1486501500, 10, 'Scavengers', '0', 0, 7, 7, 12, 12, 12, 2, 0, '3.0'),
(36, 11, 2239, 9, 2598, 1487095380, 1487104380, 5, 'Hit & Run', '0', 0, 6, 6, 5, 9, 9, 9, 0, '3.0'),
(37, 10, 2262, 11, 2293, 1487700600, 1487710800, 9, 'Blind Fight', 'The Hoard', 0, 12, 12, 5, 13, 9, 11, 0, '3.0'),
(38, 7, 2029, 8, 2053, 1488306600, 1488315780, 6, 'Gang Fight', '0', 0, 8, 8, 10, 10, 6, 8, 0, '3.0'),
(39, 9, 2719, 2, 2341, 1488911400, 1488919320, 0, 'Rescue Mission', '0', 0, 5, 5, 4, 10, 14, 2, 0, '3.0'),
(40, 10, 2481, 2, 2639, 1489515960, 1489526100, 8, 'Blind Fight', 'The Hoard', 0, 12, 12, 5, 13, 13, 2, 0, '3.0'),
(41, 8, 2154, 12, 1458, 1490119500, 1490127300, 4, 'Scavengers', '0', 0, 10, 10, 8, 8, 5, 8, 0, '3.0'),
(42, 7, 2072, 9, 2574, 1490725740, 1490733000, 5, 'Gang Fight', '0', 0, 8, 8, 12, 12, 6, 9, 0, '3.0'),
(43, 4, 1622, 8, 2273, 1491329580, 1491333480, 9, 'The Hunters', '0', 0, 6, 6, 10, 10, 3, 8, 0, '3.0'),
(44, 12, 1331, 2, 2650, 1491933600, 1491939420, 6, 'Gang Fight', '0', 0, 6, 6, 12, 12, 5, 2, 0, '3.0'),
(45, 10, 2555, 7, 2436, 1492542360, 1492550100, 4, 'Blind Fight', 'Ambush', 0, 9, 9, 3, 6, 9, 7, 0, '3.0'),
(46, 8, 2370, 2, 2788, 1493143320, 1493151600, 8, 'The Hoard', '0', 0, 10, 10, 5, 13, 2, 2, 0, '3.0'),
(47, 9, 2943, 10, 2697, 1493749800, 1493763780, 4, 'Blind Fight', 'Scavengers', 0, 15, 15, 11, 11, 20, 10, 0, '3.0'),
(48, 11, 2419, 7, 2524, 1525976340, 1525989000, 8, 'Heist', '0', 0, 13, 13, 8, 8, 13, 11, 0, '3.0'),
(49, 7, 2659, 10, 2798, 1495131900, 1495144200, 10, 'The Hunters', '0', 0, 7, 9, 4, 11, 15, 10, 0, '3.0'),
(50, 2, 2928, 9, 3090, 1495478640, 1495489200, 7, 'Gang Fight', '0', 0, 13, 13, 14, 14, 28, 2, 0, '3.0'),
(51, 11, 2615, 8, 2491, 1496167860, 1496180520, 0, 'Heist', '0', 0, 16, 16, 11, 11, 18, 11, 0, '3.0'),
(52, 11, 2882, 2, 3245, 989172660, 989180220, 0, 'The Hoard', '0', 0, 19, 19, 4, 13, 16, 11, 0, '3.0'),
(53, 8, 2446, 10, 2965, 1497466200, 1497474480, 7, 'Scavengers', '0', 0, 10, 10, 11, 11, 12, 10, 0, '3.0'),
(54, 9, 2627, 7, 2713, 1497983400, 1497988320, 12, 'The Hunters', '0', 0, 7, 12, 10, 10, 5, 9, 0, '3.0'),
(55, 0, 0, 0, 0, 1182788400, 1182798000, 0, 'The Fall of Bloodgutter Gulch', '0', 0, 18, 18, 18, 18, 21, 8, 0, '3.0'),
(56, 15, 1260, 14, 1288, 1499192820, 1499200200, 8, 'Blind Fight', 'Ambush', 0, 9, 9, 9, 9, 16, 14, 0, '3.5');

-- --------------------------------------------------------

--
-- Table structure for table `skader`
--

DROP TABLE IF EXISTS `skader`;
CREATE TABLE `skader` (
  `id` int(11) NOT NULL,
  `skade` text NOT NULL
) ENGINE=InnoDB DEFAULT CHARSET=latin1;

--
-- Dumping data for table `skader`
--

INSERT INTO `skader` (`id`, `skade`) VALUES
(1, 'Full Recovery'),
(2, 'Dead'),
(3, 'Impressive Scars'),
(4, 'Head Wound'),
(5, 'Survives Against the Odds'),
(6, 'Captured'),
(7, 'Infected Wound'),
(8, 'Partially Deafened'),
(9, 'Bitter Enmity'),
(10, 'Old Battle Wound'),
(11, 'Arm Wound (Left)'),
(12, 'Arm Wound (Right)'),
(13, 'Survived Against the Odds'),
(14, 'Death by High Impact'),
(15, 'Blinded in One Eye (Left)'),
(16, 'Horrible Scars'),
(17, 'Blinded in One Eye (Right)'),
(18, 'Multiple Injuries'),
(19, 'Chest Wound'),
(20, 'Hand Injury (Left)'),
(21, 'Hand Injury (Right)'),
(22, 'Leg Wound (Left)'),
(23, 'Leg Wound (Right)'),
(24, 'Shell Shock'),
(25, 'Escape Artistry');

-- --------------------------------------------------------

--
-- Table structure for table `wounds`
--

DROP TABLE IF EXISTS `wounds`;
CREATE TABLE `wounds` (
  `id` int(11) NOT NULL,
  `kamp_id` int(11) NOT NULL,
  `tur` int(11) NOT NULL,
  `saarer_id` int(11) NOT NULL,
  `saaret_id` int(11) NOT NULL,
  `high_impact` int(11) NOT NULL,
  `resultat` text NOT NULL,
  `serious_injury` int(11) NOT NULL,
  `multiple_injuries` text NOT NULL
) ENGINE=InnoDB DEFAULT CHARSET=latin1;

--
-- Dumping data for table `wounds`
--

INSERT INTO `wounds` (`id`, `kamp_id`, `tur`, `saarer_id`, `saaret_id`, `high_impact`, `resultat`, `serious_injury`, `multiple_injuries`) VALUES
(1, 1, 1, 1, 16, 0, 'OOA', 1, '0'),
(2, 1, 1, 2, 93, 0, 'OOA', 1, '0'),
(3, 1, 1, 3, 66, 0, 'OOA', 1, '0'),
(4, 2, 1, 4, 64, 0, 'D', 1, '0'),
(5, 2, 3, 5, 94, 0, 'OOA', 2, '0'),
(6, 2, 3, 6, 95, 0, 'D', 3, '0'),
(7, 2, 4, 7, 6, 0, 'W', 0, '0'),
(8, 2, 4, 7, 6, 0, 'D', 0, '0'),
(9, 2, 5, 8, 57, 0, 'FW', 0, '0'),
(10, 2, 6, 9, 41, 0, 'D', 1, '0'),
(11, 2, 7, 8, 9, 0, 'D', 0, '0'),
(12, 2, 7, 10, 96, 0, 'D', 4, '0'),
(13, 2, 8, 11, 5, 0, 'D', 1, '0'),
(14, 2, 8, 12, 8, 0, 'D', 1, '0'),
(15, 3, 0, 13, 44, 0, 'D', 1, '0'),
(16, 3, 0, 13, 28, 0, 'OOA', 2, '0'),
(17, 3, 1, 13, 34, 0, 'W', 0, '0'),
(18, 3, 1, 14, 37, 0, 'D', 1, '0'),
(19, 3, 2, 15, 14, 0, 'D', 1, '0'),
(20, 3, 3, 16, 34, 0, 'D', 1, '0'),
(21, 4, 1, 17, 95, 0, 'D', 5, '0'),
(22, 4, 1, 18, 52, 0, 'D', 0, '0'),
(23, 4, 1, 19, 7, 0, 'W', 0, '0'),
(24, 4, 1, 19, 7, 0, 'OOA', 6, '0'),
(25, 4, 1, 9, 69, 0, 'W', 0, '0'),
(26, 5, 1, 26, 48, 0, 'OOA', 7, '0'),
(27, 5, 2, 20, 20, 0, 'FW', 0, '0'),
(28, 5, 2, 21, 55, 0, 'D', 0, '0'),
(29, 5, 2, 21, 97, 0, 'FW', 0, '0'),
(30, 5, 2, 22, 98, 0, 'D', 2, '0'),
(31, 5, 2, 23, 53, 0, 'FW', 0, '0'),
(32, 5, 3, 26, 35, 0, 'OOA', 8, '0'),
(33, 5, 3, 23, 53, 0, 'FW', 0, '0'),
(34, 5, 3, 24, 53, 0, 'D', 9, '0'),
(35, 5, 3, 21, 55, 0, 'D', 1, '0'),
(36, 5, 3, 25, 56, 0, 'D', 1, '0'),
(37, 5, 4, 22, 97, 0, 'D', 1, '0'),
(38, 6, 2, 26, 44, 0, 'OOA', 6, '0'),
(39, 6, 3, 27, 34, 0, 'W', 0, '0'),
(40, 6, 4, 28, 69, 0, 'W', 0, '0'),
(41, 6, 4, 28, 69, 0, 'OOA', 10, '0'),
(42, 6, 5, 29, 28, 0, 'D', 4, '0'),
(43, 6, 6, 30, 29, 0, 'W', 0, '0'),
(44, 6, 6, 4, 29, 0, 'D', 0, '0'),
(45, 6, 8, 31, 29, 0, 'OOA', 6, '0'),
(46, 6, 9, 19, 99, 0, 'OOA', 2, '0'),
(47, 6, 10, 32, 30, 0, 'D', 6, '0'),
(48, 6, 10, 17, 45, 0, 'OOA', 1, '0'),
(49, 6, 11, 33, 51, 0, 'OOA', 7, '0'),
(50, 6, 11, 33, 33, 0, 'W', 0, '0'),
(51, 6, 11, 34, 17, 0, 'OOA', 1, '0'),
(52, 7, 1, 34, 25, 0, 'D', 0, '0'),
(53, 7, 3, 35, 31, 0, 'W', 0, '0'),
(54, 7, 3, 36, 35, 0, 'OOA', 2, '0'),
(55, 7, 3, 36, 100, 0, 'W', 0, '0'),
(56, 7, 4, 22, 33, 0, 'W', 0, '0'),
(57, 7, 5, 15, 22, 0, 'OOA', 2, '0'),
(58, 7, 6, 21, 33, 0, 'W', 0, '0'),
(59, 7, 6, 37, 100, 0, 'OOA', 10, '0'),
(60, 7, 7, 36, 24, 0, 'W', 0, '0'),
(61, 7, 8, 21, 15, 0, 'FW', 0, '0'),
(62, 7, 9, 36, 24, 0, 'OOA', 2, '0'),
(63, 7, 9, 31, 25, 0, 'OOA', 8, '0'),
(64, 7, 9, 38, 23, 0, 'OOA', 1, '0'),
(65, 7, 9, 33, 101, 0, 'OOA', 9, '0'),
(66, 8, 4, 39, 6, 0, 'D', 0, '0'),
(67, 8, 4, 40, 102, 0, 'D', 0, '0'),
(68, 8, 5, 41, 103, 0, 'OOA', 0, '0'),
(69, 8, 6, 41, 104, 0, 'OOA', 0, '0'),
(70, 8, 7, 41, 105, 0, 'D', 0, '0'),
(71, 8, 7, 42, 106, 0, 'OOA', 0, '0'),
(72, 8, 8, 42, 83, 0, 'D', 0, '0'),
(73, 9, 3, 4, 107, 1, 'OOA', 0, '0'),
(74, 9, 4, 43, 36, 0, 'W', 0, '0'),
(75, 9, 5, 31, 108, 0, 'D', 0, '0'),
(76, 9, 5, 44, 43, 0, 'OOA', 0, '0'),
(77, 9, 5, 36, 109, 0, 'W', 0, '0'),
(78, 10, 0, 45, 1, 0, 'D', 9, '0'),
(79, 10, 0, 45, 110, 0, 'D', 0, '0'),
(80, 10, 0, 2, 45, 0, 'OOA', 0, '0'),
(81, 10, 0, 36, 111, 0, 'OOA', 1, '0'),
(82, 10, 0, 2, 37, 0, 'OOA', 0, '0'),
(83, 10, 0, 28, 61, 0, 'OOA', 3, '0'),
(84, 10, 0, 3, 34, 0, 'W', 0, '0'),
(85, 10, 0, 2, 28, 0, 'OOA', 0, '0'),
(86, 11, 1, 37, 112, 0, 'W', 0, '0'),
(87, 11, 1, 34, 112, 0, 'FW', 0, '0'),
(88, 11, 1, 33, 112, 0, 'D', 0, '0'),
(89, 11, 3, 37, 112, 0, 'OOA', 0, '0'),
(90, 11, 5, 33, 69, 0, 'D', 0, '0'),
(91, 11, 5, 33, 69, 0, 'OOA', 0, '0'),
(92, 11, 8, 46, 34, 0, 'W', 0, '0'),
(93, 12, 3, 47, 59, 0, 'FW', 0, '0'),
(94, 12, 4, 48, 1, 0, 'D', 0, '0'),
(95, 12, 4, 3, 97, 0, 'D', 7, '0'),
(96, 12, 4, 2, 54, 0, 'W', 0, '0'),
(97, 12, 4, 49, 55, 0, 'W', 0, '0'),
(98, 12, 4, 50, 2, 0, 'D', 12, '0'),
(99, 12, 4, 47, 113, 0, 'D', 0, '0'),
(100, 13, 0, 18, 56, 0, 'D', 0, '0'),
(101, 13, 0, 51, 47, 0, 'D', 0, '0'),
(102, 13, 0, 17, 114, 0, 'D', 0, '0'),
(103, 14, 1, 52, 97, 0, 'W', 0, '0'),
(104, 14, 1, 7, 54, 0, 'W', 0, '0'),
(105, 14, 2, 52, 53, 0, 'W', 0, '0'),
(106, 14, 2, 52, 52, 0, 'OOA', 0, '0'),
(107, 15, 1, 47, 33, 0, 'W', 0, '0'),
(108, 15, 2, 34, 50, 0, 'D', 0, '0'),
(109, 15, 3, 53, 34, 0, 'W', 0, '0'),
(110, 15, 4, 15, 53, 0, 'D', 0, '0'),
(111, 15, 6, 15, 50, 0, 'FW', 0, '0'),
(112, 15, 7, 54, 33, 0, 'W', 0, '0'),
(113, 15, 9, 55, 33, 0, 'W', 0, '0'),
(114, 15, 9, 47, 30, 0, 'D', 0, '0'),
(115, 15, 9, 56, 82, 0, 'OOA', 1, '0'),
(116, 15, 10, 15, 56, 0, 'D', 1, '0'),
(117, 15, 11, 47, 38, 0, 'W', 0, '0'),
(118, 15, 12, 54, 33, 0, 'D', 4, '0'),
(119, 15, 12, 34, 47, 0, 'D', 1, '0'),
(120, 16, 1, 7, 34, 0, 'W', 0, '0'),
(121, 16, 4, 33, 52, 0, 'OOA', 0, '0'),
(122, 16, 4, 33, 9, 0, 'D', 1, '0'),
(123, 16, 5, 12, 37, 0, 'D', 1, '0'),
(124, 16, 5, 57, 33, 0, 'W', 0, '0'),
(125, 16, 6, 34, 12, 0, 'D', 1, '0'),
(126, 17, 0, 58, 115, 0, 'D', 0, '0'),
(127, 17, 0, 1, 19, 0, 'D', 0, '0'),
(128, 17, 0, 59, 69, 0, 'W', 0, '0'),
(129, 17, 0, 60, 110, 0, 'OOA', 0, '0'),
(130, 17, 1, 61, 32, 0, 'D', 0, '0'),
(131, 17, 1, 1, 116, 0, 'W', 0, '0'),
(132, 17, 1, 59, 69, 0, 'D', 0, '0'),
(133, 17, 1, 58, 116, 0, 'D', 0, '0'),
(134, 17, 1, 62, 58, 0, 'OOA', 0, '0'),
(135, 17, 1, 29, 2, 0, 'D', 0, '0'),
(136, 17, 1, 1, 63, 0, 'OOA', 0, '0'),
(137, 17, 2, 1, 17, 0, 'D', 0, '0'),
(138, 17, 2, 49, 29, 0, 'W', 0, '0'),
(139, 17, 2, 3, 62, 0, 'D', 0, '0'),
(140, 18, 0, 18, 41, 0, 'FW', 0, '0'),
(141, 18, 0, 32, 8, 0, 'D', 2, '0'),
(142, 18, 0, 63, 10, 0, 'D', 0, '0'),
(143, 19, 5, 8, 31, 0, 'W', 0, '0'),
(144, 19, 6, 44, 10, 0, 'D', 0, '0'),
(145, 19, 6, 36, 117, 0, 'D', 0, '0'),
(146, 19, 6, 37, 6, 0, 'OOA', 0, '0'),
(147, 19, 7, 64, 37, 0, 'OOA', 0, '0'),
(148, 19, 7, 40, 36, 0, 'W', 0, '0'),
(149, 19, 8, 34, 64, 0, 'FW', 0, '0'),
(150, 19, 8, 31, 41, 0, 'OOA', 0, '0'),
(151, 19, 8, 33, 40, 1, 'OOA', 0, '0'),
(152, 20, 2, 26, 97, 0, 'OOA', 0, '0'),
(153, 20, 2, 26, 58, 0, 'OOA', 0, '0'),
(154, 20, 2, 26, 59, 0, 'OOA', 0, '0'),
(155, 20, 4, 55, 2, 0, 'FW', 0, '0'),
(156, 20, 4, 49, 55, 0, 'FW', 0, '0'),
(157, 20, 4, 65, 118, 0, 'W', 0, '0'),
(158, 20, 5, 50, 3, 0, 'FW', 0, '0'),
(159, 20, 5, 54, 80, 0, 'OOA', 0, '0'),
(160, 20, 5, 53, 2, 0, 'W', 0, '0'),
(161, 21, 1, 5, 119, 1, 'OOA', 0, '0'),
(162, 21, 1, 5, 5, 0, 'D', 0, '0'),
(163, 21, 2, 66, 10, 0, 'W', 0, '0'),
(164, 21, 3, 41, 16, 0, 'OOA', 0, '0'),
(165, 21, 4, 67, 10, 0, 'D', 0, '0'),
(166, 21, 5, 8, 93, 1, 'D', 0, '0'),
(167, 21, 5, 41, 120, 0, 'D', 0, '0'),
(168, 21, 5, 41, 121, 0, 'D', 0, '0'),
(169, 21, 5, 40, 67, 0, 'D', 0, '0'),
(170, 22, 0, 63, 72, 0, 'OOA', 0, '0'),
(171, 22, 0, 62, 79, 0, 'OOA', 0, '0'),
(172, 22, 0, 68, 17, 0, 'W', 0, '0'),
(173, 22, 0, 69, 68, 0, 'OOA', 0, '0'),
(174, 22, 0, 29, 122, 0, 'OOA', 0, '0'),
(175, 22, 0, 17, 74, 0, 'OOA', 0, '0'),
(176, 22, 0, 51, 86, 0, 'OOA', 0, '0'),
(177, 22, 0, 32, 73, 0, 'OOA', 0, '0'),
(178, 23, 0, 70, 85, 0, 'OOA', 0, '0'),
(179, 23, 0, 71, 70, 0, 'FW', 0, '0'),
(180, 23, 0, 4, 70, 1, 'OOA', 18, '5,8'),
(181, 23, 0, 71, 71, 0, 'D', 0, '0'),
(182, 23, 0, 72, 123, 0, 'FW', 0, '0'),
(183, 23, 0, 73, 123, 1, 'OOA', 14, '0'),
(184, 23, 0, 68, 84, 0, 'FW', 0, '0'),
(185, 23, 0, 68, 77, 0, 'FW', 0, '0'),
(186, 23, 0, 74, 84, 0, 'OOA', 3, '0'),
(187, 24, 0, 75, 54, 0, 'W', 0, '0'),
(188, 24, 0, 76, 56, 0, 'W', 0, '0'),
(189, 24, 0, 71, 71, 0, 'OOA', 0, '0'),
(190, 24, 0, 75, 54, 0, 'D', 0, '0'),
(191, 24, 0, 76, 56, 0, 'OOA', 0, '0'),
(192, 25, 0, 77, 95, 0, 'FW', 0, '0'),
(193, 25, 0, 78, 77, 0, 'D', 0, '0'),
(194, 25, 0, 78, 95, 0, 'D', 0, '0'),
(195, 25, 0, 78, 76, 0, 'D', 0, '0'),
(196, 25, 0, 78, 84, 0, 'D', 0, '0'),
(197, 25, 0, 78, 85, 0, 'D', 0, '0'),
(198, 26, 7, 79, 61, 0, 'W', 0, '0'),
(199, 26, 9, 72, 65, 0, 'W', 0, '0'),
(200, 26, 9, 72, 65, 0, 'W', 0, '0'),
(201, 26, 11, 79, 61, 0, 'FW', 0, '0'),
(202, 26, 11, 72, 65, 0, 'OOA', 0, '0'),
(203, 26, 13, 79, 61, 0, 'FW', 0, '0'),
(204, 27, 1, 11, 61, 0, 'W', 0, '0'),
(205, 27, 2, 4, 11, 0, 'D', 0, '0'),
(206, 27, 2, 3, 12, 0, 'D', 0, '0'),
(207, 27, 2, 49, 96, 0, 'D', 0, '0'),
(208, 27, 3, 3, 124, 0, 'OOA', 0, '0'),
(209, 27, 3, 49, 125, 0, 'D', 0, '0'),
(210, 27, 3, 58, 58, 0, 'FW', 0, '0'),
(211, 27, 4, 9, 49, 0, 'D', 0, '0'),
(212, 27, 5, 9, 49, 0, 'D', 0, '0'),
(213, 27, 5, 9, 1, 0, 'W', 0, '0'),
(214, 27, 5, 80, 7, 0, 'W', 0, '0'),
(215, 27, 6, 61, 7, 0, 'D', 0, '0'),
(216, 27, 7, 57, 61, 0, 'OOA', 0, '0'),
(217, 27, 7, 81, 9, 0, 'D', 0, '0'),
(218, 27, 8, 3, 3, 0, 'OOA', 0, '0'),
(219, 27, 9, 1, 9, 0, 'D', 0, '0'),
(220, 27, 10, 80, 12, 0, 'FW', 0, '0'),
(221, 27, 11, 1, 96, 0, 'D', 0, '0'),
(222, 27, 12, 57, 49, 0, 'D', 0, '0'),
(223, 27, 13, 57, 49, 0, 'FW', 0, '0'),
(224, 27, 14, 57, 1, 0, 'FW', 0, '0'),
(225, 27, 14, 12, 1, 0, 'D', 0, '0'),
(226, 28, 0, 8, 31, 0, 'W', 0, '0'),
(227, 28, 0, 8, 31, 0, 'W', 0, '0'),
(228, 28, 0, 40, 33, 0, 'W', 0, '0'),
(229, 28, 0, 36, 5, 0, 'OOA', 0, '0'),
(230, 28, 0, 6, 126, 0, 'OOA', 0, '0'),
(231, 28, 0, 31, 40, 0, 'W', 0, '0'),
(232, 28, 0, 30, 40, 0, 'D', 0, '0'),
(233, 28, 0, 38, 127, 0, 'OOA', 0, '0'),
(234, 28, 0, 34, 8, 0, 'OOA', 0, '0'),
(235, 28, 0, 82, 41, 0, 'OOA', 0, '0'),
(236, 28, 0, 6, 82, 0, 'D', 0, '0'),
(237, 28, 0, 30, 83, 0, 'W', 0, '0'),
(238, 28, 0, 6, 30, 0, 'D', 0, '0'),
(239, 28, 0, 36, 6, 0, 'W', 0, '0'),
(240, 28, 0, 83, 36, 0, 'W', 0, '0'),
(241, 28, 0, 31, 10, 0, 'W', 0, '0'),
(242, 28, 0, 31, 10, 0, 'OOA', 0, '0'),
(243, 29, 0, 84, 86, 0, 'D', 0, '0'),
(244, 29, 0, 74, 76, 0, 'OOA', 0, '0'),
(245, 29, 0, 85, 91, 0, 'OOA', 0, '0'),
(246, 29, 0, 75, 74, 0, 'OOA', 0, '0'),
(247, 29, 0, 77, 128, 0, 'OOA', 0, '0'),
(248, 29, 0, 84, 129, 0, 'OOA', 0, '0'),
(249, 29, 0, 68, 75, 0, 'OOA', 0, '0'),
(250, 29, 0, 77, 68, 0, 'OOA', 0, '0'),
(251, 29, 0, 86, 77, 0, 'OOA', 0, '0'),
(252, 29, 0, 73, 85, 0, 'FW', 0, '0'),
(253, 29, 0, 71, 72, 0, 'D', 0, '0'),
(254, 29, 0, 84, 86, 0, 'OOA', 0, '0'),
(255, 29, 0, 79, 92, 0, 'D', 0, '0'),
(256, 30, 1, 4, 48, 0, 'OOA', 0, '0'),
(257, 30, 3, 47, 14, 0, 'W', 0, '0'),
(258, 30, 4, 53, 130, 0, 'W', 0, '0'),
(259, 30, 5, 87, 131, 0, 'W', 0, '0'),
(260, 30, 5, 55, 119, 0, 'OOA', 0, '0'),
(261, 30, 5, 50, 14, 0, 'OOA', 0, '0'),
(262, 31, 1, 17, 119, 0, 'FW', 0, '0'),
(263, 31, 1, 17, 119, 0, 'D', 0, '0'),
(264, 31, 2, 29, 87, 0, 'D', 0, '0'),
(265, 31, 2, 63, 14, 0, 'D', 0, '0'),
(266, 31, 2, 88, 121, 0, 'D', 0, '0'),
(267, 31, 2, 18, 67, 0, 'D', 0, '0'),
(268, 31, 2, 89, 93, 0, 'D', 0, '0'),
(269, 31, 2, 90, 130, 0, 'OOA', 0, '0'),
(270, 32, 3, 91, 77, 0, 'FW', 0, '0'),
(271, 32, 4, 91, 77, 0, 'OOA', 0, '0'),
(272, 32, 4, 85, 91, 0, 'OOA', 0, '0'),
(273, 32, 5, 71, 68, 0, 'D', 0, '0'),
(274, 32, 5, 71, 74, 0, 'D', 0, '0'),
(275, 32, 5, 92, 128, 0, 'FW', 0, '0'),
(276, 32, 6, 85, 128, 0, 'OOA', 18, '9,15,16'),
(277, 32, 7, 92, 72, 0, 'D', 0, '0'),
(278, 32, 8, 79, 84, 0, 'D', 0, '0'),
(279, 33, 1, 52, 131, 0, 'D', 0, '0'),
(280, 33, 2, 53, 52, 0, 'D', 0, '0'),
(281, 33, 3, 48, 11, 1, 'W', 0, '0'),
(282, 33, 3, 48, 11, 1, 'D', 5, '0'),
(283, 33, 3, 7, 116, 0, 'W', 0, '0'),
(284, 33, 3, 57, 131, 0, 'FW', 0, '0'),
(285, 33, 5, 48, 132, 1, 'D', 0, '0'),
(286, 33, 5, 57, 53, 0, 'D', 0, '0'),
(287, 33, 5, 7, 47, 0, 'FW', 0, '0'),
(288, 33, 5, 7, 47, 0, 'FW', 0, '0'),
(289, 33, 5, 7, 47, 0, 'D', 0, '0'),
(290, 35, 1, 5, 5, 0, 'D', 1, '0'),
(291, 35, 2, 3, 127, 0, 'D', 10, '0'),
(292, 35, 3, 8, 59, 0, 'D', 1, '0'),
(293, 35, 4, 58, 6, 0, 'FW', 1, '0'),
(294, 35, 5, 64, 61, 0, 'W', 1, '0'),
(295, 35, 5, 64, 64, 0, 'W', 1, '0'),
(296, 35, 5, 5, 59, 1, 'OOA', 14, '0'),
(297, 35, 6, 80, 40, 0, 'W', 1, '0'),
(298, 35, 6, 80, 8, 0, 'D', 1, '0'),
(299, 35, 6, 2, 40, 0, 'D', 10, '0'),
(300, 35, 6, 134, 64, 0, 'D', 1, '0'),
(301, 35, 6, 58, 6, 0, 'OOA', 11, '0'),
(302, 36, 1, 34, 17, 0, 'W', 1, '0'),
(303, 36, 1, 63, 30, 0, 'OOA', 18, '3,10'),
(304, 36, 3, 33, 63, 0, 'W', 1, '0'),
(305, 36, 4, 18, 34, 0, 'W', 1, '0'),
(306, 36, 4, 4, 34, 1, 'OOA', 1, '0'),
(307, 36, 5, 69, 38, 0, 'W', 1, '0'),
(308, 36, 5, 69, 38, 0, 'OOA', 1, '0'),
(309, 36, 6, 18, 33, 0, 'W', 1, '0'),
(310, 36, 6, 4, 36, 0, 'OOA', 1, '0'),
(311, 37, 5, 55, 33, 0, 'W', 1, '0'),
(312, 37, 6, 34, 48, 0, 'D', 1, '0'),
(313, 37, 8, 38, 97, 0, 'OOA', 19, '0'),
(314, 37, 8, 33, 55, 0, 'W', 1, '0'),
(315, 37, 9, 116, 37, 0, 'OOA', 17, '0'),
(316, 37, 9, 47, 34, 0, 'W', 1, '0'),
(317, 37, 9, 50, 33, 0, 'W', 1, '0'),
(318, 37, 10, 50, 33, 0, 'W', 1, '0'),
(319, 37, 10, 50, 33, 0, 'FW', 1, '0'),
(320, 38, 6, 57, 8, 0, 'D', 10, '0'),
(321, 38, 7, 7, 83, 0, 'W', 1, '0'),
(322, 38, 7, 6, 12, 0, 'OOA', 20, '0'),
(323, 38, 8, 52, 10, 0, 'W', 1, '0'),
(324, 38, 8, 4, 10, 0, 'D', 1, '0'),
(325, 38, 8, 11, 5, 0, 'D', 5, '0'),
(326, 39, 0, 17, 65, 0, 'W', 1, '0'),
(327, 39, 0, 51, 3, 0, 'OOA', 21, '0'),
(328, 39, 1, 2, 69, 0, 'W', 1, '0'),
(329, 39, 1, 2, 69, 0, 'W', 1, '0'),
(330, 39, 1, 2, 69, 0, 'OOA', 6, '0'),
(331, 39, 2, 63, 135, 0, 'OOA', 1, '0'),
(332, 39, 2, 51, 65, 0, 'W', 1, '0'),
(333, 39, 3, 2, 19, 0, 'OOA', 1, '0'),
(334, 39, 3, 65, 51, 0, 'OOA', 1, '0'),
(335, 39, 4, 63, 2, 0, 'FW', 1, '0'),
(336, 39, 4, 17, 2, 0, 'OOA', 1, '0'),
(337, 39, 5, 62, 65, 0, 'OOA', 1, '0'),
(338, 39, 7, 49, 62, 0, 'W', 1, '0'),
(339, 39, 7, 1, 17, 0, 'W', 1, '0'),
(340, 40, 4, 134, 116, 0, 'W', 1, '0'),
(341, 40, 4, 58, 136, 0, 'W', 1, '0'),
(342, 40, 4, 2, 97, 0, 'OOA', 1, '0'),
(343, 40, 5, 58, 136, 0, 'OOA', 6, '0'),
(344, 40, 6, 53, 61, 0, 'W', 1, '0'),
(345, 40, 6, 49, 56, 0, 'W', 1, '0'),
(346, 40, 7, 131, 61, 0, 'OOA', 1, '0'),
(347, 40, 7, 50, 58, 1, 'W', 1, '0'),
(348, 40, 7, 50, 58, 1, 'OOA', 14, '0'),
(349, 40, 8, 3, 50, 0, 'W', 1, '0'),
(350, 40, 8, 49, 47, 0, 'FW', 1, '0'),
(351, 40, 8, 2, 116, 0, 'OOA', 8, '0'),
(352, 40, 8, 65, 131, 0, 'OOA', 1, '0'),
(353, 41, 1, 7, 129, 0, 'OOA', 7, '0'),
(354, 41, 1, 57, 91, 0, 'D', 1, '0'),
(355, 41, 3, 12, 72, 0, 'D', 2, '0'),
(356, 41, 4, 57, 74, 0, 'D', 1, '0'),
(357, 41, 4, 52, 73, 0, 'D', 1, '0'),
(358, 42, 1, 18, 8, 0, 'D', 1, '0'),
(359, 42, 4, 40, 62, 0, 'D', 1, '0'),
(360, 42, 3, 6, 29, 0, 'W', 1, '0'),
(361, 42, 5, 89, 41, 0, 'OOA', 3, '0'),
(362, 42, 5, 115, 5, 0, 'OOA', 1, '0'),
(363, 42, 5, 51, 10, 0, 'W', 11, '0'),
(364, 43, 0, 75, 132, 0, 'D', 1, '0'),
(365, 43, 1, 52, 92, 0, 'D', 1, '0'),
(366, 43, 1, 11, 71, 0, 'D', 2, '0'),
(367, 44, 3, 79, 2, 0, 'W', 1, '0'),
(368, 44, 3, 3, 79, 0, 'OOA', 1, '0'),
(369, 44, 3, 49, 73, 0, 'W', 1, '0'),
(370, 44, 3, 4, 73, 0, 'D', 1, '0'),
(371, 44, 4, 61, 86, 0, 'D', 1, '0'),
(372, 45, 2, 53, 8, 0, 'D', 1, '0'),
(373, 45, 2, 40, 53, 0, 'W', 1, '0'),
(374, 45, 2, 4, 53, 1, 'OOA', 8, '0'),
(375, 45, 3, 131, 10, 0, 'W', 1, '0'),
(376, 45, 4, 64, 118, 0, 'D', 1, '0'),
(377, 45, 6, 137, 54, 0, 'W', 1, '0'),
(378, 45, 6, 137, 54, 0, 'D', 1, '0'),
(379, 45, 6, 5, 131, 0, 'FW', 1, '0'),
(380, 45, 6, 5, 54, 1, 'OOA', 1, '0'),
(381, 46, 8, 3, 57, 0, 'W', 1, '0'),
(382, 46, 8, 3, 3, 0, 'FW', 1, '0'),
(383, 47, 2, 53, 138, 0, 'W', 1, '0'),
(384, 47, 2, 18, 53, 0, 'W', 1, '0'),
(385, 47, 2, 46, 139, 0, 'FW', 1, '0'),
(386, 47, 2, 46, 139, 0, 'OOA', 6, '0'),
(387, 47, 3, 118, 32, 0, 'W', 1, '0'),
(388, 47, 3, 54, 60, 0, 'D', 21, '0'),
(389, 47, 4, 17, 118, 1, 'OOA', 2, '0'),
(390, 47, 4, 63, 56, 0, 'D', 11, '0'),
(391, 47, 4, 62, 53, 0, 'D', 1, '0'),
(392, 47, 4, 18, 54, 0, 'W', 1, '0'),
(393, 47, 4, 4, 56, 0, 'OOA', 1, '0'),
(394, 47, 5, 48, 138, 1, 'OOA', 6, '0'),
(395, 47, 6, 29, 55, 0, 'W', 1, '0'),
(396, 47, 7, 51, 50, 0, 'D', 6, '0'),
(397, 47, 8, 17, 131, 1, 'OOA', 18, '10,10,22'),
(398, 47, 8, 32, 54, 0, 'FW', 1, '0'),
(399, 47, 8, 115, 54, 0, 'D', 1, '0'),
(400, 47, 9, 48, 89, 0, 'D', 1, '0'),
(401, 47, 9, 116, 115, 0, 'OOA', 1, '0'),
(402, 47, 10, 69, 55, 0, 'OOA', 10, '0'),
(403, 48, 2, 137, 140, 1, 'OOA', 1, '0'),
(404, 48, 2, 8, 82, 0, 'D', 1, '0'),
(405, 48, 3, 34, 127, 0, 'D', 10, '0'),
(406, 48, 4, 137, 15, 0, 'D', 1, '0'),
(407, 48, 5, 141, 8, 0, 'D', 1, '0'),
(408, 48, 5, 38, 5, 0, 'OOA', 1, '0'),
(409, 48, 6, 10, 82, 0, 'D', 1, '0'),
(410, 48, 8, 10, 37, 0, 'D', 1, '0'),
(411, 48, 8, 6, 15, 0, 'FW', 1, '0'),
(412, 48, 9, 141, 37, 0, 'OOA', 10, '0'),
(413, 48, 9, 34, 10, 0, 'D', 24, '0'),
(414, 48, 9, 6, 15, 0, 'OOA', 1, '0'),
(415, 48, 9, 34, 64, 0, 'FW', 1, '0'),
(416, 49, 0, 5, 55, 0, 'W', 1, '0'),
(417, 49, 0, 5, 55, 0, 'OOA', 1, '0'),
(418, 49, 0, 50, 10, 0, 'W', 1, '0'),
(419, 49, 0, 41, 116, 0, 'W', 1, '0'),
(420, 49, 0, 40, 131, 0, 'FW', 1, '0'),
(421, 49, 1, 116, 40, 0, 'W', 1, '0'),
(422, 49, 1, 116, 40, 0, 'D', 1, '0'),
(423, 49, 2, 137, 50, 0, 'OOA', 1, '0'),
(424, 49, 3, 48, 64, 1, 'W', 1, '0'),
(425, 49, 3, 48, 64, 1, 'OOA', 2, '0'),
(426, 49, 5, 48, 10, 0, 'FW', 1, '0'),
(427, 49, 5, 53, 10, 0, 'D', 1, '0'),
(428, 49, 7, 48, 40, 1, 'OOA', 24, '0'),
(429, 49, 8, 4, 47, 0, 'D', 8, '0'),
(430, 49, 10, 142, 5, 1, 'D', 1, '0'),
(431, 50, 2, 49, 88, 0, 'D', 1, '0'),
(432, 50, 2, 2, 29, 0, 'D', 6, '0'),
(433, 50, 3, 17, 80, 1, 'OOA', 1, '0'),
(434, 50, 3, 143, 17, 0, 'W', 1, '0'),
(435, 50, 3, 18, 1, 0, 'W', 1, '0'),
(436, 50, 3, 115, 113, 0, 'OOA', 1, '0'),
(437, 50, 3, 62, 134, 0, 'W', 1, '0'),
(438, 50, 3, 62, 134, 0, 'OOA', 19, '0'),
(439, 50, 4, 135, 63, 0, 'W', 1, '0'),
(440, 50, 4, 3, 115, 0, 'OOA', 18, '8,9,21'),
(441, 50, 4, 62, 65, 0, 'W', 1, '0'),
(442, 50, 4, 2, 69, 0, 'W', 1, '0'),
(443, 50, 4, 2, 69, 0, 'W', 1, '0'),
(444, 50, 4, 2, 69, 0, 'OOA', 16, '0'),
(445, 50, 4, 19, 32, 0, 'W', 1, '0'),
(446, 50, 4, 19, 32, 0, 'OOA', 17, '0'),
(447, 50, 5, 63, 65, 0, 'W', 1, '0'),
(448, 50, 5, 51, 19, 0, 'W', 1, '0'),
(449, 50, 5, 51, 19, 0, 'W', 1, '0'),
(450, 50, 6, 1, 18, 0, 'W', 1, '0'),
(451, 50, 6, 3, 63, 0, 'W', 1, '0'),
(452, 50, 6, 3, 63, 0, 'W', 1, '0'),
(453, 50, 6, 49, 46, 0, 'OOA', 1, '0'),
(454, 50, 6, 51, 19, 0, 'OOA', 1, '0'),
(455, 50, 7, 62, 65, 0, 'OOA', 1, '0'),
(456, 50, 7, 51, 2, 0, 'W', 1, '0'),
(457, 50, 7, 51, 2, 0, 'W', 1, '0'),
(458, 50, 8, 1, 62, 0, 'D', 1, '0'),
(459, 51, 1, 52, 144, 0, 'OOA', 1, '0'),
(460, 51, 1, 145, 33, 0, 'W', 1, '0'),
(461, 51, 1, 30, 132, 0, 'D', 1, '0'),
(462, 51, 1, 34, 9, 0, 'OOA', 21, '0'),
(463, 51, 2, 146, 144, 0, 'FW', 1, '0'),
(464, 51, 2, 52, 30, 0, 'D', 1, '0'),
(465, 51, 3, 45, 12, 0, 'D', 1, '0'),
(466, 51, 3, 144, 124, 0, 'OOA', 8, '0'),
(467, 51, 3, 146, 144, 0, 'FW', 1, '0'),
(468, 51, 4, 57, 45, 0, 'D', 1, '0'),
(469, 51, 5, 4, 147, 0, 'D', 1, '0'),
(470, 51, 5, 82, 57, 0, 'OOA', 7, '0'),
(471, 51, 6, 7, 15, 0, 'D', 1, '0'),
(472, 51, 6, 144, 146, 0, 'FW', 1, '0'),
(473, 51, 7, 38, 96, 0, 'OOA', 1, '0'),
(474, 51, 7, 34, 52, 0, 'W', 1, '0'),
(475, 51, 7, 33, 132, 0, 'D', 1, '0'),
(476, 51, 7, 146, 144, 0, 'OOA', 1, '0'),
(477, 52, 0, 148, 140, 0, 'FW', 1, '0'),
(478, 52, 0, 148, 140, 0, 'OOA', 20, '0'),
(479, 52, 0, 148, 49, 0, 'D', 2, '0'),
(480, 52, 0, 148, 80, 0, 'OOA', 6, '0'),
(481, 52, 0, 148, 3, 0, 'D', 1, '0'),
(482, 52, 0, 148, 36, 0, 'W', 1, '0'),
(483, 52, 0, 148, 36, 0, 'D', 1, '0'),
(484, 52, 0, 148, 33, 0, 'W', 1, '0'),
(485, 52, 0, 148, 33, 0, 'W', 1, '0'),
(486, 52, 0, 148, 33, 0, 'W', 1, '0'),
(487, 52, 0, 148, 147, 0, 'OOA', 1, '0'),
(488, 52, 0, 148, 34, 0, 'D', 1, '0'),
(489, 52, 10, 15, 65, 0, 'W', 1, '0'),
(490, 52, 10, 135, 44, 0, 'D', 1, '0'),
(491, 52, 10, 1, 45, 0, 'D', 13, '0'),
(492, 52, 10, 59, 144, 0, 'D', 1, '0'),
(493, 53, 1, 4, 57, 0, 'D', 1, '0'),
(494, 53, 1, 7, 116, 0, 'W', 1, '0'),
(495, 53, 1, 11, 116, 0, 'OOA', 1, '0'),
(496, 53, 3, 11, 54, 0, 'W', 1, '0'),
(497, 53, 3, 11, 54, 0, 'W', 1, '0'),
(498, 53, 4, 48, 7, 0, 'D', 6, '0'),
(499, 53, 4, 48, 7, 0, 'FW', 1, '0'),
(500, 53, 4, 131, 149, 0, 'OOA', 1, '0'),
(501, 53, 5, 9, 50, 0, 'W', 1, '0'),
(502, 53, 6, 48, 146, 0, 'D', 11, '0'),
(503, 53, 6, 48, 146, 1, 'OOA', 2, '0'),
(504, 53, 6, 53, 52, 0, 'W', 1, '0'),
(505, 54, 0, 18, 88, 0, 'D', 1, '0'),
(506, 54, 1, 63, 8, 0, 'OOA', 20, '0'),
(507, 54, 1, 69, 137, 0, 'OOA', 4, '0'),
(508, 54, 1, 32, 10, 0, 'W', 1, '0'),
(509, 54, 1, 32, 10, 0, 'OOA', 22, '0'),
(510, 55, 1, 15, 47, 0, 'D', 1, '0'),
(511, 55, 2, 131, 144, 0, 'OOA', 2, '0'),
(512, 55, 2, 1, 124, 0, 'FW', 1, '0'),
(513, 55, 2, 124, 144, 0, 'D', 1, '0'),
(514, 55, 2, 15, 9, 0, 'FW', 1, '0'),
(515, 55, 2, 124, 144, 0, 'OOA', 2, '0'),
(516, 55, 2, 131, 144, 1, 'OOA', 2, '0'),
(517, 55, 3, 47, 15, 0, 'D', 8, '0'),
(518, 55, 3, 4, 144, 0, 'OOA', 2, '0'),
(519, 55, 3, 44, 8, 0, 'D', 9, '0'),
(520, 55, 4, 47, 44, 0, 'D', 2, '0'),
(521, 55, 4, 65, 47, 0, 'OOA', 1, '0'),
(522, 55, 5, 40, 65, 0, 'W', 1, '0'),
(523, 55, 5, 65, 115, 0, 'OOA', 4, '0'),
(524, 55, 6, 131, 65, 0, 'W', 1, '0'),
(525, 55, 6, 65, 40, 0, 'W', 24, '0'),
(526, 55, 7, 131, 65, 0, 'OOA', 1, '0'),
(527, 55, 7, 65, 131, 0, 'OOA', 1, '0'),
(528, 55, 8, 124, 1, 0, 'W', 9, '0'),
(529, 55, 8, 40, 1, 0, 'OOA', 1, '0'),
(530, 55, 9, 124, 40, 0, 'OOA', 24, '0'),
(531, 56, 2, 4, 150, 0, 'D', 1, '0'),
(532, 56, 2, 151, 152, 0, 'FW', 1, '0'),
(533, 56, 2, 151, 152, 0, 'OOA', 1, '0'),
(534, 56, 3, 153, 150, 1, 'OOA', 25, '0'),
(535, 56, 3, 154, 155, 0, 'OOA', 2, '0'),
(536, 56, 4, 156, 157, 0, 'OOA', 18, '0'),
(537, 56, 5, 158, 159, 0, 'D', 2, '0'),
(538, 56, 5, 160, 161, 0, 'OOA', 19, '0'),
(539, 56, 6, 162, 163, 0, 'OOA', 1, '0'),
(540, 56, 7, 164, 165, 0, 'OOA', 10, '0'),
(541, 56, 7, 162, 166, 0, 'FW', 1, '0'),
(542, 56, 8, 4, 151, 0, 'D', 1, '0'),
(543, 56, 8, 162, 166, 0, 'FW', 1, '0'),
(544, 56, 8, 162, 166, 0, 'OOA', 22, '0'),
(545, 56, 9, 158, 156, 0, 'D', 1, '0'),
(546, 56, 10, 162, 158, 0, 'D', 22, '0');

--
-- Indexes for dumped tables
--

--
-- Indexes for table `bander`
--
ALTER TABLE `bander`
  ADD PRIMARY KEY (`id`);

--
-- Indexes for table `gangers`
--
ALTER TABLE `gangers`
  ADD PRIMARY KEY (`id`);

--
-- Indexes for table `kampe`
--
ALTER TABLE `kampe`
  ADD UNIQUE KEY `id_3` (`id`),
  ADD KEY `id` (`id`),
  ADD KEY `id_2` (`id`);

--
-- Indexes for table `skader`
--
ALTER TABLE `skader`
  ADD PRIMARY KEY (`id`);

--
-- Indexes for table `wounds`
--
ALTER TABLE `wounds`
  ADD PRIMARY KEY (`id`);

--
-- AUTO_INCREMENT for dumped tables
--

--
-- AUTO_INCREMENT for table `gangers`
--
ALTER TABLE `gangers`
  MODIFY `id` int(11) NOT NULL AUTO_INCREMENT, AUTO_INCREMENT=167;

--
-- AUTO_INCREMENT for table `kampe`
--
ALTER TABLE `kampe`
  MODIFY `id` int(11) NOT NULL AUTO_INCREMENT, AUTO_INCREMENT=57;

--
-- AUTO_INCREMENT for table `skader`
--
ALTER TABLE `skader`
  MODIFY `id` int(11) NOT NULL AUTO_INCREMENT, AUTO_INCREMENT=26;

--
-- AUTO_INCREMENT for table `wounds`
--
ALTER TABLE `wounds`
  MODIFY `id` int(11) NOT NULL AUTO_INCREMENT, AUTO_INCREMENT=547;
COMMIT;

/*!40101 SET CHARACTER_SET_CLIENT=@OLD_CHARACTER_SET_CLIENT */;
/*!40101 SET CHARACTER_SET_RESULTS=@OLD_CHARACTER_SET_RESULTS */;
/*!40101 SET COLLATION_CONNECTION=@OLD_COLLATION_CONNECTION */;
